SEX,SCHLCOLL,Arts,Chores,Class,Computer-use,Eating,Fitness,Games,Homework,Reading,Religious,Shopping,Sleepingr,Socializing,TV,Telephone,Travel,Medical-care,Personal-care,,,,,,,,,,,,,,,,,,,,,,,
1,5,0,180,0,0,35,0,0,0,0,0,0,480,170,325,0,0,0,50,,,,,,Arts,Chores,Class,Computer-use,Eating,Fitness,Games,Homework,Reading,Religious,Shopping,Sleepingr,Socializing,TV,Telephone,Travel,Medical-care,Personal-care
1,5,0,10,0,0,20,0,300,160,120,0,0,750,0,30,0,10,0,0,,,,,,8.045454545,23.17272727,48.85454545,22.20909091,74.89090909,20.56363636,38.77272727,124.2818182,6.618181818,10.55454545,16.59090909,522.1272727,42.62727273,126.6727273,4.236363636,83.59090909,0.954545455,35.82727273
1,5,0,5,0,0,60,0,0,0,0,0,30,635,73,384,0,100,0,20,,,,,,11.86,18.715,40.405,13.92,57.86,15.12,10.885,103.555,8.37,9.24,27.12,551.125,52.465,116.35,7.335,75.13,1.7,56.54
1,5,0,0,345,0,90,0,0,290,0,0,0,570,0,85,0,40,0,20,,,,,,,,,,,,,,,,,,,,,,,
1,5,0,0,90,60,60,0,413,132,0,0,0,532,53,0,0,72,0,13,,,,,,,,,,,,,,,,,,,,,,,
1,5,0,0,120,30,90,0,0,300,0,0,0,420,0,0,0,150,0,90,,,,,,,,,,,,,,,,,,,,,,,
1,5,445,0,0,60,163,0,0,0,0,0,25,415,0,0,0,262,0,65,,,,,,,,,,,,,,,,,,,,,,,
1,5,0,0,0,0,50,0,0,158,0,0,0,600,0,90,0,45,0,65,,,,,,,,,,,,,,,,,,,,,,,
1,5,0,0,0,65,60,0,0,0,0,0,0,750,0,0,0,78,0,40,,,,,,,,,,,,,,,,,,,,,,,
1,5,0,0,0,90,90,30,240,0,0,0,0,745,0,0,0,0,0,35,,,,,,,,,,,,,,,,,,,,,,,
1,5,0,0,0,0,150,45,0,0,60,0,0,500,0,0,0,355,0,30,,,,,,,,,,,,,,,,,,,,,,,
1,5,0,0,0,0,100,0,0,200,0,275,0,600,0,0,0,140,0,70,,,,,,,,,,,,,,,,,,,,,,,
1,5,0,180,0,0,30,0,0,0,0,30,0,585,15,0,0,30,0,0,,,,,,,,,,,,,,,,,,,,,,,
1,5,0,30,0,0,100,0,0,245,30,100,15,520,20,240,0,50,0,60,,,,,,,,,,,,,,,,,,,,,,,
1,5,0,0,0,0,25,0,150,0,0,0,0,595,0,560,30,0,0,15,,,,,,,,,,,,,,,,,,,,,,,
1,5,0,0,0,0,60,0,0,0,0,0,20,420,0,60,0,95,0,110,,,,,,,,,,,,,,,,,,,,,,,
1,5,0,0,0,0,25,0,0,225,0,0,1,534,0,30,35,39,0,21,,,,,,,,,,,,,,,,,,,,,,,
1,5,0,0,0,0,50,0,0,0,0,0,0,690,0,575,0,0,0,0,,,,,,,,,,,,,,,,,,,,,,,
1,5,0,0,275,0,118,0,0,485,10,0,7,445,15,30,0,55,0,0,,,,,,,,,,,,,,,,,,,,,,,
1,5,0,0,0,0,120,60,0,270,0,0,0,480,0,90,0,90,0,90,,,,,,,,,,,,,,,,,,,,,,,
1,5,0,165,0,0,45,0,0,0,0,0,30,600,180,90,0,260,0,60,,,,,,,,,,,,,,,,,,,,,,,
1,5,0,60,0,0,54,130,0,290,0,0,0,345,30,0,0,105,0,80,,,,,,,,,,,,,,,,,,,,,,,
1,5,0,0,0,0,30,0,150,165,0,0,0,720,0,360,0,0,0,15,,,,,,,,,,,,,,,,,,,,,,,
1,5,0,0,0,0,30,0,150,90,0,0,0,600,0,315,0,85,0,50,,,,,,,,,,,,,,,,,,,,,,,
1,5,0,0,0,0,2,0,0,0,0,0,0,480,0,291,1,4,0,5,,,,,,,,,,,,,,,,,,,,,,,
1,5,0,0,0,0,50,0,0,0,0,0,40,1063,0,60,0,37,0,0,,,,,,,,,,,,,,,,,,,,,,,
1,5,0,0,0,0,60,0,0,0,0,0,0,645,0,0,0,60,0,20,,,,,,,,,,,,,,,,,,,,,,,
1,5,0,0,0,0,60,145,0,0,0,0,0,810,0,285,0,60,0,35,,,,,,,,,,,,,,,,,,,,,,,
1,5,0,0,60,0,40,0,315,455,0,0,0,540,0,0,0,30,0,0,,,,,,,,,,,,,,,,,,,,,,,
1,5,0,105,0,75,35,0,0,0,0,0,100,465,15,165,0,105,0,20,,,,,,,,,,,,,,,,,,,,,,,
1,5,0,90,0,0,155,30,60,330,0,0,0,480,0,80,0,50,0,40,,,,,,,,,,,,,,,,,,,,,,,
1,5,0,0,0,0,55,90,0,0,108,0,0,540,0,0,0,60,0,42,,,,,,,,,,,,,,,,,,,,,,,
1,5,0,0,0,0,358,179,0,0,0,0,3,420,20,150,0,250,0,45,,,,,,,,,,,,,,,,,,,,,,,
1,5,0,0,0,0,60,0,0,0,0,0,0,830,0,150,0,10,0,60,,,,,,,,,,,,,,,,,,,,,,,
1,5,0,0,0,0,420,0,0,0,0,0,15,575,45,80,0,215,0,60,,,,,,,,,,,,,,,,,,,,,,,
1,5,0,0,105,0,60,0,0,720,0,0,0,390,0,0,0,80,0,70,,,,,,,,,,,,,,,,,,,,,,,
1,5,0,0,70,0,10,0,0,120,0,0,0,568,0,60,0,32,0,20,,,,,,,,,,,,,,,,,,,,,,,
1,5,0,0,295,60,190,0,0,0,0,0,0,570,0,60,0,130,0,45,,,,,,,,,,,,,,,,,,,,,,,
1,5,0,0,0,0,765,0,0,0,0,0,0,535,0,0,0,80,0,60,,,,,,,,,,,,,,,,,,,,,,,
1,5,0,78,0,0,15,0,0,0,15,0,0,495,30,324,0,50,0,60,,,,,,,,,,,,,,,,,,,,,,,
1,5,0,0,160,90,30,0,0,500,0,0,0,420,15,72,0,23,0,0,,,,,,,,,,,,,,,,,,,,,,,
1,5,0,0,0,0,15,3,0,0,0,0,5,445,90,90,0,86,0,22,,,,,,,,,,,,,,,,,,,,,,,
1,5,0,25,0,15,70,0,0,60,0,0,0,420,0,45,0,45,0,20,,,,,,,,,,,,,,,,,,,,,,,
1,5,0,135,0,20,15,0,0,240,0,0,0,790,0,90,0,0,0,0,,,,,,,,,,,,,,,,,,,,,,,
1,5,0,0,0,0,10,0,0,435,0,0,0,390,0,0,0,105,0,0,,,,,,,,,,,,,,,,,,,,,,,
1,5,0,30,120,0,30,0,0,10,0,0,0,477,140,0,12,107,0,50,,,,,,,,,,,,,,,,,,,,,,,
1,5,0,0,0,0,25,90,0,60,0,0,0,525,0,145,0,60,0,80,,,,,,,,,,,,,,,,,,,,,,,
1,5,120,0,0,0,150,30,0,240,0,0,0,585,0,160,0,60,0,30,,,,,,,,,,,,,,,,,,,,,,,
1,5,0,60,0,0,95,0,0,0,0,0,0,600,90,150,0,65,0,0,,,,,,,,,,,,,,,,,,,,,,,
1,5,0,0,0,0,70,60,45,0,0,0,0,480,0,120,0,30,0,0,,,,,,,,,,,,,,,,,,,,,,,
1,5,0,0,0,15,30,0,0,160,0,0,10,480,0,0,0,39,0,30,,,,,,,,,,,,,,,,,,,,,,,
1,5,0,0,0,0,85,0,120,60,30,0,0,585,98,195,0,95,105,65,,,,,,,,,,,,,,,,,,,,,,,
1,5,0,0,0,0,105,0,0,270,0,60,0,450,255,60,0,195,0,45,,,,,,,,,,,,,,,,,,,,,,,
1,5,0,58,0,60,65,0,0,0,0,0,75,480,0,0,0,265,0,60,,,,,,,,,,,,,,,,,,,,,,,
1,5,0,0,0,0,0,225,145,0,0,0,20,690,0,230,0,40,0,90,,,,,,,,,,,,,,,,,,,,,,,
1,5,0,0,0,0,10,0,0,0,0,160,90,497,190,220,0,152,0,50,,,,,,,,,,,,,,,,,,,,,,,
1,5,0,0,0,255,30,0,120,375,0,0,0,390,0,240,0,0,0,30,,,,,,,,,,,,,,,,,,,,,,,
1,5,0,0,0,0,33,180,150,0,0,0,0,835,0,60,0,139,0,8,,,,,,,,,,,,,,,,,,,,,,,
1,5,0,0,100,450,10,0,0,0,0,0,0,300,100,0,0,40,0,0,,,,,,,,,,,,,,,,,,,,,,,
1,5,0,50,0,0,165,0,0,0,0,30,60,420,30,175,0,120,0,50,,,,,,,,,,,,,,,,,,,,,,,
1,5,0,0,0,0,30,0,0,120,0,0,0,545,0,120,0,400,0,15,,,,,,,,,,,,,,,,,,,,,,,
1,5,0,0,420,0,60,0,0,0,0,0,0,479,0,270,0,150,0,61,,,,,,,,,,,,,,,,,,,,,,,
1,5,0,0,595,0,10,0,0,180,0,0,0,505,0,0,0,120,0,30,,,,,,,,,,,,,,,,,,,,,,,
1,5,0,0,0,0,20,0,0,0,0,137,0,537,573,20,0,68,0,40,,,,,,,,,,,,,,,,,,,,,,,
1,5,0,90,0,0,15,0,0,0,0,120,50,515,299,0,0,115,0,50,,,,,,,,,,,,,,,,,,,,,,,
1,5,0,240,0,0,55,105,0,0,0,0,85,488,0,120,0,130,0,30,,,,,,,,,,,,,,,,,,,,,,,
1,5,140,10,0,8,35,0,0,1,0,0,25,443,60,0,40,36,0,35,,,,,,,,,,,,,,,,,,,,,,,
1,5,0,0,0,420,60,0,0,0,0,0,0,345,0,0,0,30,0,45,,,,,,,,,,,,,,,,,,,,,,,
1,5,0,0,0,0,195,0,30,0,0,0,120,300,195,30,0,184,0,80,,,,,,,,,,,,,,,,,,,,,,,
1,5,120,0,0,0,70,0,135,0,0,0,170,676,100,120,0,49,0,0,,,,,,,,,,,,,,,,,,,,,,,
1,5,0,0,45,30,45,50,0,237,0,0,0,643,240,0,0,68,0,37,,,,,,,,,,,,,,,,,,,,,,,
1,5,0,0,0,0,10,0,382,0,0,0,58,150,3,320,93,80,0,35,,,,,,,,,,,,,,,,,,,,,,,
1,5,0,60,0,0,150,0,0,0,0,0,0,600,0,390,0,0,0,30,,,,,,,,,,,,,,,,,,,,,,,
1,5,0,0,0,0,45,0,90,0,0,0,0,590,120,90,0,15,0,0,,,,,,,,,,,,,,,,,,,,,,,
1,5,0,0,240,0,105,60,0,595,0,0,10,120,0,60,0,170,0,40,,,,,,,,,,,,,,,,,,,,,,,
1,5,0,70,0,180,55,0,0,210,45,0,85,557,120,0,10,38,0,25,,,,,,,,,,,,,,,,,,,,,,,
1,5,0,0,0,0,105,0,0,820,0,0,0,280,0,0,0,50,0,0,,,,,,,,,,,,,,,,,,,,,,,
1,5,0,0,0,0,60,0,0,360,0,0,0,480,0,240,0,20,0,30,,,,,,,,,,,,,,,,,,,,,,,
1,5,0,0,0,0,15,0,0,234,0,0,0,330,0,0,0,125,0,60,,,,,,,,,,,,,,,,,,,,,,,
1,5,0,0,0,10,20,0,175,0,0,0,7,536,360,0,0,22,0,0,,,,,,,,,,,,,,,,,,,,,,,
1,5,0,0,0,0,30,0,0,180,0,0,0,640,0,0,0,40,0,60,,,,,,,,,,,,,,,,,,,,,,,
1,5,0,0,170,0,45,90,60,180,0,0,0,505,110,175,0,105,0,0,,,,,,,,,,,,,,,,,,,,,,,
1,5,0,0,0,0,30,0,0,0,0,0,20,460,0,523,0,100,0,40,,,,,,,,,,,,,,,,,,,,,,,
1,5,0,0,0,250,127,0,0,0,90,0,4,420,0,0,0,68,0,20,,,,,,,,,,,,,,,,,,,,,,,
1,5,0,0,205,0,90,0,0,300,0,0,0,765,0,0,0,60,0,20,,,,,,,,,,,,,,,,,,,,,,,
1,5,0,0,155,0,174,0,0,180,0,0,0,774,55,0,0,72,0,30,,,,,,,,,,,,,,,,,,,,,,,
1,5,0,0,0,140,75,0,210,0,0,0,55,300,0,180,0,275,0,30,,,,,,,,,,,,,,,,,,,,,,,
1,5,0,0,0,0,10,0,600,120,0,0,0,430,0,60,0,180,0,20,,,,,,,,,,,,,,,,,,,,,,,
1,5,0,0,255,30,60,0,45,390,0,0,10,390,30,0,0,110,0,60,,,,,,,,,,,,,,,,,,,,,,,
1,5,0,210,0,0,90,0,0,120,0,0,230,240,70,335,5,110,0,30,,,,,,,,,,,,,,,,,,,,,,,
1,5,0,7,0,30,30,0,0,0,40,0,0,533,3,120,90,95,0,87,,,,,,,,,,,,,,,,,,,,,,,
1,5,0,0,235,0,165,0,0,0,0,0,0,390,0,0,0,127,0,25,,,,,,,,,,,,,,,,,,,,,,,
1,5,0,0,375,0,30,0,0,120,0,0,60,480,0,115,0,200,0,45,,,,,,,,,,,,,,,,,,,,,,,
1,5,0,0,0,0,30,0,0,0,0,0,60,780,0,530,0,40,0,0,,,,,,,,,,,,,,,,,,,,,,,
1,5,0,0,0,0,89,0,0,480,0,0,0,480,0,330,60,0,0,0,,,,,,,,,,,,,,,,,,,,,,,
1,5,0,0,120,0,60,90,0,0,0,60,0,405,120,0,0,75,0,0,,,,,,,,,,,,,,,,,,,,,,,
1,5,0,0,0,0,50,0,0,119,0,0,0,350,0,100,0,57,0,40,,,,,,,,,,,,,,,,,,,,,,,
1,5,0,90,0,0,75,0,0,0,0,0,0,420,0,90,0,0,0,0,,,,,,,,,,,,,,,,,,,,,,,
1,5,0,30,0,0,15,0,0,0,0,0,0,540,0,400,0,0,0,0,,,,,,,,,,,,,,,,,,,,,,,
1,5,0,0,330,0,80,0,0,180,0,0,65,510,0,60,60,60,0,55,,,,,,,,,,,,,,,,,,,,,,,
1,5,0,0,0,0,60,360,0,0,0,0,0,690,120,60,0,60,0,5,,,,,,,,,,,,,,,,,,,,,,,
1,5,60,0,99,0,30,0,0,345,0,0,10,363,137,240,0,125,0,25,,,,,,,,,,,,,,,,,,,,,,,
1,5,0,0,0,0,80,150,0,0,120,0,145,599,85,0,0,131,0,55,,,,,,,,,,,,,,,,,,,,,,,
1,5,0,0,0,0,45,0,0,0,0,0,0,420,0,885,30,0,0,60,,,,,,,,,,,,,,,,,,,,,,,
1,5,0,0,0,0,90,60,0,0,60,0,0,575,0,120,0,0,0,180,,,,,,,,,,,,,,,,,,,,,,,
1,5,0,1,0,0,65,0,120,0,0,189,10,540,185,150,0,110,0,60,,,,,,,,,,,,,,,,,,,,,,,
1,5,0,0,105,0,90,0,0,60,0,0,0,720,0,270,0,75,0,60,,,,,,,,,,,,,,,,,,,,,,,
1,5,0,0,285,0,60,0,0,375,0,0,0,450,0,165,0,30,0,75,,,,,,,,,,,,,,,,,,,,,,,
1,5,0,480,0,0,90,0,60,0,0,0,0,620,0,75,0,20,0,5,,,,,,,,,,,,,,,,,,,,,,,
1,5,0,0,0,0,80,0,0,720,0,0,0,330,30,150,0,20,0,0,,,,,,,,,,,,,,,,,,,,,,,
1,5,0,0,0,0,150,0,0,0,0,0,180,625,130,300,0,55,0,0,,,,,,,,,,,,,,,,,,,,,,,
2,5,245,0,0,0,105,30,0,330,45,0,35,420,0,0,10,135,0,45,,,,,,,,,,,,,,,,,,,,,,,
2,5,0,120,210,0,90,0,0,0,0,0,0,600,0,240,0,120,0,0,,,,,,,,,,,,,,,,,,,,,,,
2,5,0,60,0,0,120,0,0,690,0,0,0,480,20,0,0,10,0,60,,,,,,,,,,,,,,,,,,,,,,,
2,5,0,0,0,0,0,0,0,0,0,90,160,588,15,295,0,107,0,40,,,,,,,,,,,,,,,,,,,,,,,
2,5,0,0,0,0,45,0,0,0,60,0,280,600,270,90,0,77,0,8,,,,,,,,,,,,,,,,,,,,,,,
2,5,0,0,0,0,150,0,0,0,0,0,40,583,0,75,15,58,0,40,,,,,,,,,,,,,,,,,,,,,,,
2,5,0,0,0,0,0,0,60,0,180,0,0,720,0,120,0,0,0,360,,,,,,,,,,,,,,,,,,,,,,,
2,5,0,0,0,0,0,145,0,120,0,0,330,600,0,0,0,125,0,120,,,,,,,,,,,,,,,,,,,,,,,
2,5,0,280,0,0,140,0,0,0,0,120,0,510,0,60,0,0,0,30,,,,,,,,,,,,,,,,,,,,,,,
2,5,0,315,0,0,75,0,0,315,0,0,0,270,0,210,0,0,0,90,,,,,,,,,,,,,,,,,,,,,,,
2,5,0,0,180,0,60,0,0,0,0,0,0,700,0,0,0,100,0,0,,,,,,,,,,,,,,,,,,,,,,,
2,5,0,0,0,0,0,0,0,0,0,0,130,605,0,120,0,85,0,60,,,,,,,,,,,,,,,,,,,,,,,
2,5,0,25,0,0,150,0,105,0,0,0,77,565,40,360,0,58,0,50,,,,,,,,,,,,,,,,,,,,,,,
2,5,0,0,0,15,75,0,0,0,0,225,0,645,90,185,0,130,0,60,,,,,,,,,,,,,,,,,,,,,,,
2,5,0,0,0,0,25,150,0,0,0,0,0,405,0,570,0,45,0,45,,,,,,,,,,,,,,,,,,,,,,,
2,5,0,0,360,0,75,0,0,330,0,0,0,360,70,160,0,50,0,35,,,,,,,,,,,,,,,,,,,,,,,
2,5,0,0,0,0,90,0,0,0,0,0,0,490,0,120,0,10,0,135,,,,,,,,,,,,,,,,,,,,,,,
2,5,0,0,0,30,15,0,180,150,0,0,0,570,0,75,0,0,0,30,,,,,,,,,,,,,,,,,,,,,,,
2,5,0,60,0,0,155,0,0,0,0,0,115,715,0,195,0,65,0,75,,,,,,,,,,,,,,,,,,,,,,,
2,5,0,0,0,0,70,0,0,0,0,0,0,910,0,170,0,0,0,120,,,,,,,,,,,,,,,,,,,,,,,
2,5,0,10,0,0,70,0,0,0,60,0,15,450,0,132,0,8,0,60,,,,,,,,,,,,,,,,,,,,,,,
2,5,120,0,0,0,40,0,0,0,0,0,0,780,0,360,0,120,0,0,,,,,,,,,,,,,,,,,,,,,,,
2,5,140,0,0,0,210,0,0,0,0,0,60,555,45,160,10,130,0,120,,,,,,,,,,,,,,,,,,,,,,,
2,5,0,0,0,0,0,0,0,0,0,0,50,700,0,60,0,90,0,40,,,,,,,,,,,,,,,,,,,,,,,
2,5,0,20,0,0,25,0,0,0,0,0,0,390,30,10,0,25,0,60,,,,,,,,,,,,,,,,,,,,,,,
2,5,0,0,150,0,40,0,30,120,0,0,0,405,75,0,0,135,0,15,,,,,,,,,,,,,,,,,,,,,,,
2,5,0,20,0,0,23,60,0,0,0,0,20,420,0,180,0,137,0,50,,,,,,,,,,,,,,,,,,,,,,,
2,5,0,0,430,0,60,60,0,235,0,0,0,390,0,135,0,65,0,50,,,,,,,,,,,,,,,,,,,,,,,
2,5,0,0,0,0,105,0,0,0,0,0,0,565,0,119,0,2,0,60,,,,,,,,,,,,,,,,,,,,,,,
2,5,0,0,0,0,30,0,0,335,0,30,15,270,0,0,0,199,95,35,,,,,,,,,,,,,,,,,,,,,,,
2,5,0,0,0,0,30,0,0,0,0,0,0,660,0,105,0,40,0,65,,,,,,,,,,,,,,,,,,,,,,,
2,5,0,0,0,0,30,0,0,0,0,0,0,600,0,690,0,0,0,30,,,,,,,,,,,,,,,,,,,,,,,
2,5,0,0,0,0,20,0,0,600,0,0,10,600,0,160,0,40,0,0,,,,,,,,,,,,,,,,,,,,,,,
2,5,0,147,0,0,35,0,119,25,124,0,0,585,202,55,0,58,0,0,,,,,,,,,,,,,,,,,,,,,,,
2,5,0,0,0,0,150,0,0,180,0,0,0,570,0,120,0,0,0,0,,,,,,,,,,,,,,,,,,,,,,,
2,5,0,0,360,15,50,0,0,440,0,0,0,420,0,55,0,10,0,65,,,,,,,,,,,,,,,,,,,,,,,
2,5,0,385,50,0,67,0,0,0,0,0,0,620,0,170,0,53,0,90,,,,,,,,,,,,,,,,,,,,,,,
2,5,0,0,0,0,85,0,0,0,300,0,90,480,0,328,0,32,0,10,,,,,,,,,,,,,,,,,,,,,,,
2,5,0,0,180,0,85,60,0,230,0,0,0,600,0,105,0,50,0,70,,,,,,,,,,,,,,,,,,,,,,,
2,5,0,0,0,0,90,0,60,0,0,0,60,600,60,0,0,45,0,0,,,,,,,,,,,,,,,,,,,,,,,
2,5,0,30,0,0,100,240,0,45,0,0,60,710,0,0,0,160,0,60,,,,,,,,,,,,,,,,,,,,,,,
2,5,0,0,0,0,120,0,0,0,0,0,120,270,110,0,0,180,0,21,,,,,,,,,,,,,,,,,,,,,,,
2,5,0,0,0,0,35,0,0,270,0,0,205,600,0,0,0,120,0,0,,,,,,,,,,,,,,,,,,,,,,,
2,5,0,90,0,0,15,0,0,0,0,0,40,465,0,278,0,41,0,15,,,,,,,,,,,,,,,,,,,,,,,
2,5,0,0,0,0,50,0,0,0,0,0,0,465,0,265,0,65,0,60,,,,,,,,,,,,,,,,,,,,,,,
2,5,0,0,0,360,60,0,0,270,0,0,0,630,0,0,0,0,0,60,,,,,,,,,,,,,,,,,,,,,,,
2,5,0,0,240,0,45,0,0,540,0,0,0,450,0,60,0,80,0,25,,,,,,,,,,,,,,,,,,,,,,,
2,5,0,0,230,0,60,40,0,120,0,0,0,440,0,60,0,85,0,100,,,,,,,,,,,,,,,,,,,,,,,
2,5,0,0,0,0,65,0,0,60,0,0,60,480,15,30,0,170,70,40,,,,,,,,,,,,,,,,,,,,,,,
2,5,0,0,0,0,71,60,0,120,0,0,0,660,0,349,0,0,0,110,,,,,,,,,,,,,,,,,,,,,,,
2,5,0,0,0,0,20,0,0,120,0,0,200,535,0,0,0,80,0,0,,,,,,,,,,,,,,,,,,,,,,,
2,5,0,0,97,45,10,0,0,180,0,0,9,670,80,75,50,58,0,61,,,,,,,,,,,,,,,,,,,,,,,
2,5,0,0,0,0,30,60,0,0,0,0,10,270,0,60,0,42,0,70,,,,,,,,,,,,,,,,,,,,,,,
2,5,0,60,0,0,15,0,0,0,0,0,80,210,0,163,0,88,0,77,,,,,,,,,,,,,,,,,,,,,,,
2,5,0,0,203,0,20,0,0,623,0,0,5,300,0,120,60,27,0,50,,,,,,,,,,,,,,,,,,,,,,,
2,5,180,0,0,0,195,0,0,120,0,0,0,480,0,300,30,50,0,45,,,,,,,,,,,,,,,,,,,,,,,
2,5,0,0,0,0,30,0,0,300,0,0,0,930,0,180,0,0,0,0,,,,,,,,,,,,,,,,,,,,,,,
2,5,0,0,0,0,105,0,60,40,20,127,0,595,132,0,0,146,0,70,,,,,,,,,,,,,,,,,,,,,,,
2,5,0,0,0,0,45,0,0,525,0,0,0,455,130,0,0,95,0,120,,,,,,,,,,,,,,,,,,,,,,,
2,5,0,0,0,0,15,0,0,60,45,0,0,760,0,210,0,20,0,20,,,,,,,,,,,,,,,,,,,,,,,
2,5,0,5,0,0,80,0,0,40,0,0,150,530,0,315,0,60,0,85,,,,,,,,,,,,,,,,,,,,,,,
2,5,0,30,0,0,20,0,0,140,0,0,0,630,0,180,90,80,0,90,,,,,,,,,,,,,,,,,,,,,,,
2,5,0,0,0,0,50,0,0,120,0,0,0,625,0,0,0,55,0,45,,,,,,,,,,,,,,,,,,,,,,,
2,5,0,15,0,0,90,60,0,0,0,0,0,660,235,0,0,70,0,120,,,,,,,,,,,,,,,,,,,,,,,
2,5,0,0,180,30,45,0,0,585,0,0,0,390,0,0,0,90,0,75,,,,,,,,,,,,,,,,,,,,,,,
2,5,0,0,0,30,150,0,300,0,0,0,0,540,0,0,0,135,0,105,,,,,,,,,,,,,,,,,,,,,,,
2,5,0,0,320,10,115,0,0,90,0,0,5,465,60,0,40,190,0,80,,,,,,,,,,,,,,,,,,,,,,,
2,5,0,0,0,0,10,0,0,0,0,0,0,830,0,180,0,0,0,395,,,,,,,,,,,,,,,,,,,,,,,
2,5,0,0,0,0,35,0,0,300,0,0,33,630,110,145,31,116,0,25,,,,,,,,,,,,,,,,,,,,,,,
2,5,0,1,0,2,47,0,0,0,0,6,10,130,234,0,2,155,0,309,,,,,,,,,,,,,,,,,,,,,,,
2,5,0,0,0,0,50,0,0,0,0,0,0,645,35,0,0,99,0,150,,,,,,,,,,,,,,,,,,,,,,,
2,5,0,10,245,0,80,0,0,60,0,0,0,495,0,90,0,65,0,75,,,,,,,,,,,,,,,,,,,,,,,
2,5,0,0,0,0,90,120,0,60,0,60,110,580,0,300,0,30,0,60,,,,,,,,,,,,,,,,,,,,,,,
2,5,0,0,0,0,90,30,30,0,0,0,0,970,0,120,0,65,0,15,,,,,,,,,,,,,,,,,,,,,,,
2,5,0,0,0,0,45,0,0,120,0,0,0,525,0,0,0,90,0,40,,,,,,,,,,,,,,,,,,,,,,,
2,5,0,90,120,20,80,0,0,0,0,0,0,600,0,180,0,0,0,10,,,,,,,,,,,,,,,,,,,,,,,
2,5,0,60,0,0,15,0,0,120,0,160,10,343,2,0,5,110,0,41,,,,,,,,,,,,,,,,,,,,,,,
2,5,0,0,0,0,10,0,0,240,0,0,0,530,250,305,0,70,0,30,,,,,,,,,,,,,,,,,,,,,,,
2,5,0,0,0,0,60,0,0,360,0,0,0,660,0,205,0,0,0,60,,,,,,,,,,,,,,,,,,,,,,,
2,5,0,0,0,0,35,0,0,330,0,0,80,560,30,0,0,170,0,30,,,,,,,,,,,,,,,,,,,,,,,
2,5,0,125,0,30,0,135,0,195,0,0,105,510,118,0,0,137,0,60,,,,,,,,,,,,,,,,,,,,,,,
2,5,0,0,0,10,30,0,0,0,30,0,0,540,90,50,0,80,0,30,,,,,,,,,,,,,,,,,,,,,,,
2,5,0,0,0,0,25,0,10,120,0,0,0,705,0,0,0,35,0,30,,,,,,,,,,,,,,,,,,,,,,,
2,5,0,0,0,215,30,0,0,0,0,0,0,300,0,0,0,0,0,60,,,,,,,,,,,,,,,,,,,,,,,
2,5,0,50,0,0,35,0,0,0,0,0,20,620,75,30,0,40,0,82,,,,,,,,,,,,,,,,,,,,,,,
2,5,0,0,0,0,30,0,0,0,60,0,0,613,15,120,0,10,0,70,,,,,,,,,,,,,,,,,,,,,,,
2,5,0,0,130,0,110,50,0,240,0,0,5,650,0,120,0,70,0,65,,,,,,,,,,,,,,,,,,,,,,,
2,5,360,0,0,0,60,0,0,0,0,0,0,480,450,0,0,0,0,0,,,,,,,,,,,,,,,,,,,,,,,
2,5,0,0,0,30,90,0,0,0,0,0,0,660,0,95,0,50,0,30,,,,,,,,,,,,,,,,,,,,,,,
2,5,0,0,0,180,50,120,0,0,0,0,0,405,385,0,0,60,0,90,,,,,,,,,,,,,,,,,,,,,,,
2,5,0,20,0,0,40,0,0,0,0,0,16,870,10,444,0,30,0,0,,,,,,,,,,,,,,,,,,,,,,,
2,5,150,0,0,120,40,60,0,0,0,0,0,480,230,210,0,35,0,70,,,,,,,,,,,,,,,,,,,,,,,
2,5,0,0,165,0,45,30,0,145,0,0,0,465,0,0,0,95,0,75,,,,,,,,,,,,,,,,,,,,,,,
2,5,0,0,0,0,20,0,0,0,0,0,0,490,0,100,0,420,0,20,,,,,,,,,,,,,,,,,,,,,,,
2,5,0,0,350,0,0,0,0,0,0,0,0,480,0,0,0,140,0,0,,,,,,,,,,,,,,,,,,,,,,,
2,5,0,0,0,0,70,0,0,0,10,0,0,450,20,155,0,10,0,20,,,,,,,,,,,,,,,,,,,,,,,
2,5,0,0,0,0,30,20,0,0,0,0,0,720,120,330,0,75,0,85,,,,,,,,,,,,,,,,,,,,,,,
2,5,0,0,0,0,50,135,60,0,0,0,0,759,151,0,0,90,0,40,,,,,,,,,,,,,,,,,,,,,,,
2,5,0,0,0,0,10,0,0,350,0,0,0,470,175,0,0,25,0,0,,,,,,,,,,,,,,,,,,,,,,,
2,5,145,15,0,20,55,0,0,0,0,0,50,655,55,60,45,145,0,80,,,,,,,,,,,,,,,,,,,,,,,
2,5,0,0,0,80,70,0,90,0,0,0,5,360,45,0,15,180,0,90,,,,,,,,,,,,,,,,,,,,,,,
2,5,0,0,0,0,40,0,45,0,0,0,0,570,535,60,0,40,0,130,,,,,,,,,,,,,,,,,,,,,,,
2,5,0,0,0,0,45,0,0,0,0,0,0,480,0,135,0,50,0,45,,,,,,,,,,,,,,,,,,,,,,,
2,5,0,35,0,30,110,0,15,0,0,0,20,589,60,120,0,71,0,55,,,,,,,,,,,,,,,,,,,,,,,
2,5,0,0,0,0,60,30,0,180,0,0,0,440,0,0,0,60,0,15,,,,,,,,,,,,,,,,,,,,,,,
2,5,0,0,0,0,55,30,0,0,0,0,0,630,0,0,0,55,0,165,,,,,,,,,,,,,,,,,,,,,,,
2,5,0,0,219,0,165,0,0,0,0,35,0,630,95,210,0,30,0,25,,,,,,,,,,,,,,,,,,,,,,,
2,5,0,0,0,40,60,30,0,268,0,0,0,540,0,180,0,17,0,30,,,,,,,,,,,,,,,,,,,,,,,
2,5,0,0,0,0,190,175,0,0,0,0,30,660,0,155,0,125,0,105,,,,,,,,,,,,,,,,,,,,,,,
2,5,0,0,0,0,60,0,0,0,0,0,0,565,0,120,0,78,0,90,,,,,,,,,,,,,,,,,,,,,,,
2,5,0,0,0,0,60,0,0,0,0,60,0,600,380,210,0,70,0,60,,,,,,,,,,,,,,,,,,,,,,,
2,5,0,0,0,0,105,0,0,0,0,0,60,620,0,0,0,385,0,90,,,,,,,,,,,,,,,,,,,,,,,
2,5,305,30,0,0,85,0,120,0,0,0,135,360,120,30,0,205,0,50,,,,,,,,,,,,,,,,,,,,,,,
2,5,0,0,0,0,50,0,0,0,0,0,0,630,0,720,0,0,0,0,,,,,,,,,,,,,,,,,,,,,,,
2,5,0,0,0,0,5,0,0,0,0,0,55,555,12,348,2,256,35,68,,,,,,,,,,,,,,,,,,,,,,,
2,5,0,0,0,0,30,0,15,0,80,60,65,650,40,61,0,66,0,45,,,,,,,,,,,,,,,,,,,,,,,
2,5,0,0,0,0,120,0,0,0,180,0,0,680,0,240,40,95,60,0,,,,,,,,,,,,,,,,,,,,,,,
2,5,0,0,0,0,60,0,0,490,0,120,30,376,30,60,0,64,0,90,,,,,,,,,,,,,,,,,,,,,,,
2,5,0,310,0,0,35,45,0,0,0,0,0,585,60,230,0,0,0,15,,,,,,,,,,,,,,,,,,,,,,,
2,5,0,0,0,0,60,0,0,0,0,0,0,720,0,83,95,62,0,80,,,,,,,,,,,,,,,,,,,,,,,
2,5,0,0,0,120,90,0,0,0,120,0,30,740,0,255,0,45,0,40,,,,,,,,,,,,,,,,,,,,,,,
2,5,0,0,0,0,180,0,0,120,0,0,0,660,145,90,0,5,0,0,,,,,,,,,,,,,,,,,,,,,,,
2,5,0,165,45,0,180,0,0,0,0,0,0,330,0,45,15,120,0,0,,,,,,,,,,,,,,,,,,,,,,,
2,5,0,0,0,0,25,100,0,45,0,0,5,500,0,110,0,85,0,50,,,,,,,,,,,,,,,,,,,,,,,
2,5,0,0,335,0,35,0,0,260,0,0,35,525,60,0,0,80,0,80,,,,,,,,,,,,,,,,,,,,,,,
2,5,0,20,0,80,50,0,0,305,0,0,0,510,105,0,0,55,0,0,,,,,,,,,,,,,,,,,,,,,,,
2,5,0,0,0,0,60,0,0,0,0,0,180,690,0,55,0,125,0,90,,,,,,,,,,,,,,,,,,,,,,,
2,5,0,60,0,40,10,0,0,300,0,0,0,510,120,0,0,10,0,45,,,,,,,,,,,,,,,,,,,,,,,
2,5,0,120,0,0,105,0,0,0,30,90,90,130,57,90,0,138,0,80,,,,,,,,,,,,,,,,,,,,,,,
2,5,0,0,0,0,20,0,0,210,0,0,0,650,0,120,0,34,0,45,,,,,,,,,,,,,,,,,,,,,,,
2,5,0,0,120,0,30,0,0,0,0,0,0,425,55,45,0,35,0,40,,,,,,,,,,,,,,,,,,,,,,,
2,5,0,0,0,0,60,0,0,290,0,0,120,540,0,135,0,70,0,10,,,,,,,,,,,,,,,,,,,,,,,
2,5,0,0,0,0,30,0,0,0,0,455,0,795,0,60,0,100,0,0,,,,,,,,,,,,,,,,,,,,,,,
2,5,0,0,0,0,0,0,0,0,0,0,10,590,0,0,0,125,0,0,,,,,,,,,,,,,,,,,,,,,,,
2,5,0,0,0,0,60,0,0,0,0,0,0,733,0,0,0,17,0,30,,,,,,,,,,,,,,,,,,,,,,,
2,5,0,120,0,0,60,0,0,0,0,0,0,680,120,240,0,30,0,60,,,,,,,,,,,,,,,,,,,,,,,
2,5,0,0,80,115,0,0,0,135,0,0,0,120,0,0,120,135,0,60,,,,,,,,,,,,,,,,,,,,,,,
2,5,0,0,158,40,50,0,0,390,0,0,0,470,30,0,75,22,0,30,,,,,,,,,,,,,,,,,,,,,,,
2,5,0,0,0,0,80,0,0,120,0,0,0,510,0,60,0,95,0,0,,,,,,,,,,,,,,,,,,,,,,,
2,5,0,30,0,0,30,0,0,0,90,0,0,450,0,90,0,40,0,0,,,,,,,,,,,,,,,,,,,,,,,
2,5,302,30,0,55,120,0,0,0,0,0,5,600,0,60,0,73,0,0,,,,,,,,,,,,,,,,,,,,,,,
2,5,0,0,0,0,105,0,0,219,0,0,90,570,120,120,0,102,0,114,,,,,,,,,,,,,,,,,,,,,,,
2,5,0,0,270,0,45,45,0,150,0,0,0,450,0,120,0,150,0,90,,,,,,,,,,,,,,,,,,,,,,,
2,5,0,0,0,0,80,0,0,0,0,0,0,660,215,75,0,0,0,60,,,,,,,,,,,,,,,,,,,,,,,
2,5,0,0,365,0,40,0,0,345,0,0,0,405,0,0,0,60,0,75,,,,,,,,,,,,,,,,,,,,,,,
2,5,0,0,0,0,15,0,0,0,0,0,0,360,60,350,0,35,0,0,,,,,,,,,,,,,,,,,,,,,,,
2,5,0,0,0,0,0,0,0,300,0,0,0,720,0,210,0,0,0,90,,,,,,,,,,,,,,,,,,,,,,,
2,5,0,0,0,0,20,0,0,0,0,0,0,480,403,0,0,110,0,15,,,,,,,,,,,,,,,,,,,,,,,
2,5,0,0,150,0,30,99,0,170,0,0,0,480,0,60,0,105,0,0,,,,,,,,,,,,,,,,,,,,,,,
2,5,0,0,0,0,30,0,0,0,0,0,40,610,100,120,0,93,0,130,,,,,,,,,,,,,,,,,,,,,,,
2,5,0,60,0,0,60,0,0,0,0,0,30,720,0,370,0,10,0,60,,,,,,,,,,,,,,,,,,,,,,,
2,5,0,0,0,0,0,0,0,165,0,0,0,420,0,30,120,34,0,25,,,,,,,,,,,,,,,,,,,,,,,
2,5,0,20,0,0,75,240,0,250,0,0,0,310,245,0,0,90,0,75,,,,,,,,,,,,,,,,,,,,,,,
2,5,0,0,0,0,0,280,0,0,0,0,10,405,0,100,0,50,0,90,,,,,,,,,,,,,,,,,,,,,,,
2,5,0,0,0,0,15,0,0,0,0,0,0,540,0,110,0,65,0,60,,,,,,,,,,,,,,,,,,,,,,,
2,5,0,60,0,0,25,0,0,0,0,0,60,720,0,200,120,40,0,120,,,,,,,,,,,,,,,,,,,,,,,
2,5,150,0,0,0,90,0,0,300,0,0,5,570,153,0,0,112,0,15,,,,,,,,,,,,,,,,,,,,,,,
2,5,0,0,0,0,60,0,0,0,0,0,30,420,0,60,0,115,0,90,,,,,,,,,,,,,,,,,,,,,,,
2,5,0,180,0,0,60,0,0,120,0,0,13,533,135,110,0,34,0,70,,,,,,,,,,,,,,,,,,,,,,,
2,5,0,100,0,15,35,60,15,120,0,0,30,460,275,90,0,120,0,55,,,,,,,,,,,,,,,,,,,,,,,
2,5,0,0,0,0,120,0,0,600,0,0,0,540,70,0,0,20,0,30,,,,,,,,,,,,,,,,,,,,,,,
2,5,0,0,0,0,100,150,0,20,0,0,20,747,40,10,0,233,0,60,,,,,,,,,,,,,,,,,,,,,,,
2,5,0,0,510,0,45,0,0,120,0,0,0,630,0,0,0,60,0,60,,,,,,,,,,,,,,,,,,,,,,,
2,5,0,0,0,0,30,0,0,0,0,0,0,620,0,400,0,90,20,20,,,,,,,,,,,,,,,,,,,,,,,
2,5,0,0,255,0,35,0,0,0,0,0,0,465,0,0,0,52,0,105,,,,,,,,,,,,,,,,,,,,,,,
2,5,0,0,0,0,50,0,0,0,0,0,0,600,0,100,0,105,0,60,,,,,,,,,,,,,,,,,,,,,,,
2,5,0,60,0,0,60,0,0,120,0,0,0,600,0,205,0,10,0,90,,,,,,,,,,,,,,,,,,,,,,,
2,5,0,0,0,0,30,0,0,30,0,0,15,380,0,0,0,47,0,120,,,,,,,,,,,,,,,,,,,,,,,
2,5,0,5,0,0,35,0,10,0,0,0,45,420,0,230,180,150,60,60,,,,,,,,,,,,,,,,,,,,,,,
2,5,105,0,0,0,90,0,0,375,0,20,135,540,0,0,0,75,0,40,,,,,,,,,,,,,,,,,,,,,,,
2,5,0,0,0,0,20,0,0,300,0,0,0,540,120,90,40,70,0,165,,,,,,,,,,,,,,,,,,,,,,,
2,5,0,85,0,0,65,0,0,240,0,0,0,570,30,30,0,10,0,60,,,,,,,,,,,,,,,,,,,,,,,
2,5,0,0,0,0,60,0,0,0,0,90,110,680,0,80,35,180,0,80,,,,,,,,,,,,,,,,,,,,,,,
2,5,0,80,0,0,16,0,0,276,0,0,0,561,180,0,0,0,0,0,,,,,,,,,,,,,,,,,,,,,,,
2,5,0,30,0,0,66,0,0,0,0,0,180,450,10,75,0,127,0,12,,,,,,,,,,,,,,,,,,,,,,,
2,5,0,0,0,0,110,40,0,0,120,0,64,630,91,128,0,134,0,30,,,,,,,,,,,,,,,,,,,,,,,
2,5,0,0,0,0,20,0,0,0,0,0,0,595,0,0,0,20,0,0,,,,,,,,,,,,,,,,,,,,,,,
2,5,0,0,270,0,60,0,0,90,0,0,30,550,0,195,30,80,0,60,,,,,,,,,,,,,,,,,,,,,,,
2,5,0,0,0,290,30,0,0,0,30,0,0,570,45,355,0,0,0,120,,,,,,,,,,,,,,,,,,,,,,,
2,5,0,0,0,192,35,35,0,0,0,0,5,960,12,149,0,7,0,0,,,,,,,,,,,,,,,,,,,,,,,
2,5,0,0,0,0,120,0,253,0,0,0,70,600,25,0,70,164,0,90,,,,,,,,,,,,,,,,,,,,,,,
2,5,0,10,0,30,30,0,10,0,0,0,80,450,131,290,0,85,0,30,,,,,,,,,,,,,,,,,,,,,,,
2,5,0,0,0,0,30,0,0,0,0,0,0,660,600,0,0,50,0,70,,,,,,,,,,,,,,,,,,,,,,,
2,5,0,0,0,120,170,0,0,0,0,0,0,550,255,185,0,35,0,95,,,,,,,,,,,,,,,,,,,,,,,
2,5,0,0,0,0,70,0,0,0,0,0,0,610,300,170,0,260,0,30,,,,,,,,,,,,,,,,,,,,,,,
2,5,0,0,559,0,50,0,125,110,0,0,0,285,0,70,0,80,0,115,,,,,,,,,,,,,,,,,,,,,,,
2,5,0,10,0,30,80,0,0,0,0,0,210,505,85,340,20,20,0,90,,,,,,,,,,,,,,,,,,,,,,,
2,5,0,0,0,0,42,0,0,0,0,0,0,540,0,240,0,50,0,80,,,,,,,,,,,,,,,,,,,,,,,
2,5,0,0,0,0,20,0,0,0,0,0,180,500,0,80,0,319,0,60,,,,,,,,,,,,,,,,,,,,,,,
2,5,0,0,120,0,60,0,0,510,0,0,0,510,0,90,0,120,0,30,,,,,,,,,,,,,,,,,,,,,,,
2,5,0,0,0,0,30,0,0,0,0,0,0,820,0,0,0,40,0,120,,,,,,,,,,,,,,,,,,,,,,,
2,5,0,0,165,0,0,0,60,360,0,0,0,615,0,120,0,90,0,0,,,,,,,,,,,,,,,,,,,,,,,
2,5,0,0,0,225,55,0,0,60,0,100,0,660,0,243,10,50,0,5,,,,,,,,,,,,,,,,,,,,,,,
2,5,0,0,0,90,35,0,0,180,0,0,20,660,0,395,10,20,0,30,,,,,,,,,,,,,,,,,,,,,,,
2,5,0,20,260,30,35,0,240,300,0,0,0,420,30,0,0,85,0,20,,,,,,,,,,,,,,,,,,,,,,,
2,5,0,0,0,0,0,0,0,330,0,0,0,510,0,0,0,70,0,85,,,,,,,,,,,,,,,,,,,,,,,
2,5,170,0,0,0,120,0,0,330,0,0,0,570,150,0,0,70,0,30,,,,,,,,,,,,,,,,,,,,,,,
2,5,0,0,0,0,55,0,165,0,0,0,20,605,0,205,0,22,0,30,,,,,,,,,,,,,,,,,,,,,,,
2,5,0,60,0,0,10,0,0,0,90,0,7,620,180,80,82,80,0,10,,,,,,,,,,,,,,,,,,,,,,,
